user_id,loc_lat,loc_lon

1,55.737564,37.345186
2,56.234564,37.234590
3,55.234578,36.295745